Start Time,End Time,Tier,Annotation Text
10798,20858,SP1,সুপ্রিয় দর্শক সবাইকে প্রীতি ও শুভেচ্ছা জানিয়ে শুরু করছি প্রথম বাংলাদেশ টেলিভিশন কলেজ বিতর্ক প্রতিযোগিতার প্রথম রাউন্ডের আজকে অনুষ্ঠান সাথে আছি আমি শারমিন মিশু
21038,30658,SP1,প্রিয় দর্শক যে বিষয়টি নিয়ে আজ দুটি দলের মধ্যে বিতর্ক হবে তা হচ্ছে গ্রামীণ অর্থনীতি শক্তিশালী করণের মাধ্যমেই অধিক কর্মসংস্থান সৃষ্টি করা সম্ভব 
31558,41678,SP1,"বিষয়ের পক্ষে বলবে ডঃ মাহবুবুর রহমান মোল্লা কলেজ যাত্রাবাড়ী ঢাকা 
বিষয়ের বিপক্ষে বলবে মজিদ জরিনা ফাউন্ডেশন স্কুল এন্ড কলেজ শরীয়তপুর "
41878,51698,SP1,"প্রিয় দর্শক আমরা এখন পরিচিত হয়ে নিব আমাদের আজকের অনুষ্ঠানের বিতার্কিকদের সাথে 
পক্ষদল অর্থাৎ ডঃ মাহবুবুর রহমান মোল্লা কলেজ যাত্রাবাড়ী ঢাকার বিতার্কিকরা হলেন"
52338,56838,SP1, রাহিমাতুল হক মীম জায়েদা জাহান আঁখি
57998,69918,SP1,"ও তাদের দল নেতা আজিদা জামান ঐন্দ্রিলা 
বিপক্ষদল অর্থাৎ মজিদ জরিনা ফাউন্ডেশন স্কুল এন্ড কলেজ শরীয়তপুরের বিতার্কিকরা হলেন মারিয়া আক্তার"
71178,77218,SP1,তানজিয়া আক্তার তমা ও তাদের দলনেতা সাবরিনা জাহান শোভা 
78718,87078,SP1,এবার আমরা পরিচিত হব আমাদের আজকের বিতর্ক প্রতিযোগিতার বিজ্ঞ বিচারক প্যানেলের সাথে আমাদের মাঝে তিনজন বিচারক রয়েছেন প্রথমে পরিচয় করিয়ে দিচ্ছি
87698,100358,SP1,ডঃ মোহাম্মদ জামির হোসেন সহযোগী অধ্যাপক রসায়ন বিভাগ জগন্নাথ বিশ্ববিদ্যালয় আমাদের মাঝে আরও আছেন ডঃ আইরিন আক্তার সহযোগী অধ্যাপক ইনস্টিটিউট অব বিজনেস এডমিনিস্ট্রেশন
100478,118738,SP1,"জাহাঙ্গীরনগর বিশ্ববিদ্যালয় 
আমাদের মাঝে সবশেষে থাকছেন অ্যাডভোকেট হাসান মাহবুব বিপ্লব প্রাক্তন বিতার্কিক বিতর্ক সংগঠন ও আইনজীবী বাংলাদেশ সুপ্রিম কোর্ট 
সম্মানিত বিচারক বৃন্দ যে সকল বিষয়ের উপর বিতার্কিকদের নম্বর প্রদান করবেন তা হচ্ছে"
119078,136898,SP1,"উপস্থাপনা ৫ ভাষার ব্যবহার ও উচ্চারণ পাঁচ 
তত্ত্ব ও তথ্য পরিবেশন ১০ যুক্তিখন্ডন ও প্রয়োগ ৫ প্রিয় দর্শক সবশেষে আমরা পরিচিত হবো আমাদের আজকের অনুষ্ঠানের সম্মানিত সভাপতির সাথে যিনি পুরো
 অনুষ্ঠানটি পরিচালনা করবেন এবং সবশেষে"
137118,163958,SP1,"ফলাফল ঘোষণা করবেন আমাদের মাঝে সম্মানিত সভাপতি হিসেবে উপস্থিত হয়েছেন অধ্যাপক ডঃ মোঃ আইনুল ইসলাম চেয়ারম্যান অর্থনীতি বিভাগ জগন্নাথ বিশ্ববিদ্যালয় 
এবার আমাদের সম্মানিত সভাপতিকে মঞ্চে এসে আসন গ্রহণ করবার জন্য বিনীত অনুরোধ করছি অনুষ্ঠান শুরুর পূর্বে আসুন বিতর্ক প্রতিযোগিতার নিয়ম গুলো সংক্ষেপে জেনে"
164358,191918,SP1,নেই প্রত্যেক বিতার্কিক তার বক্তব্য উপস্থাপনের জন্য মোট পাচ মিনিট সময় পাবে এক্ষেত্রে চতুর্থ মিনিটে সর্তকতা সংকেত এবং পঞ্চম মিনিটে চূড়ান্ত সংকেত দেয়া হবে এছাড়া প্রত্যেক দল থেকে তার দলনেতা যুক্তি খণ্ডনের জন্য অতিরিক্ত দুই মিনিট করে সময় পাবে সে ক্ষেত্রে দেড় মিনিটে সতর্কতা সংকেত এবং দ্বিতীয় মিনিটে চূড়ান্ত সংকেত দেয়া হবে আমি অনুরোধ করছি আমাদের আজকের মাননীয় সভাপতি কে অনুষ্ঠানটি শুরু করবার জন্য মাননীয় সভাপতি
192048,214438,SP2,প্রথম বাংলাদেশ টেলিভিশন কলেজ বিতর্ক প্রতিযোগিতায় আপনাদের স্বাগতম আপনারা ইতোমধ্যে জেনেছেন আজকের বিতর্কের প্রস্তাবনা হচ্ছে গ্রামীণ অর্থনীতি শক্তিশালী করণের মাধ্যমেই অধিক কর্মসংস্থান সৃষ্টি করা সম্ভব আমি প্রথমে পক্ষ দলের ডঃ মাহবুবুর রহমান মোল্লা কলেজ এর প্রথম বক্তা রহিমাতুল হক মীমকে আহবান করছি তার বক্তব্য দেওয়ার জন্য 
530523,535047,SP2,এবার আমি আহবান করব বিপক্ষ দলের মারিয়া আক্তার 
837798,842798,SP2,এবার আমি আহবান করব পক্ষ দলের জায়েদা জাহান আঁখি 
1136648,1142348,SP2,এবার আমি আহবান করব বিপক্ষ দলের তানজিয়া আক্তার তমা
1455197,1461947,SP2,পক্ষ দলের দলনেতা কে আহবান করছি আলজিদা জামান ঐন্দ্রিলা
1713799,1720115,SP2,"এবার আমি আরেক দল নেতাকে আহবান করব বিপক্ষ দলের দলনেতা সাবরিনা জাহান শোভা
"
2027065,2044132,SP2,আমরা এতক্ষণ দুই পক্ষের বক্তব্য শুনলাম এবার দ্বিতীয় পালা সেটি হচ্ছে যুক্তি খন্ডন পর্ব এই যুক্তি খন্ডন পর্বে প্রথমে আমি আহবান করব পক্ষ দলের দলনেতা আলজিদা জামান ঐন্দ্রিলা 
2181747,2187797,SP2,এবারের বিপক্ষ দলের দলনেতা দুই মিনিট তার যুক্তি খণ্ডনের জন্য আসবেন সাবরিনা জাহান শোভা
2323697,2339397,SP2,"আমরা এতক্ষণ বক্তব্য শুনলাম অত্যন্ত গুরুত্বপূর্ণ একটি বিষয় গ্রামীণ অর্থনীতি শক্তিশালীকরণের মাধ্যমে অধিক কর্মশক্তি সৃষ্টি করা সম্ভব 
আমার বক্তব্য আসলে বিচারকে প্রভাবিত করবে না"
2339847,2373497,SP2,"কারণ তারা চারটা মানদণ্ডের উপরেই তার মার্কিং করবে বা মূল্যায়ন করবে কিন্তু তারপরেও আমি কিছু কথা বলি যে আজকের বিতর্কটা অত্যন্ত সুন্দর এবং যে জিনিস গুলো উঠে আসার কথা ছিল সেটা কিন্তু দু'পক্ষের ভেতর থেকে এসেছে মাধ্যমে এসেছে 
পক্ষ দলের বলার অনেক কিছু ছিল কিন্তু বিপক্ষ দলকে একটা জায়গায় সুযোগ করে দিয়েছে যে শুধু গ্রামীণ অর্থনীতি শক্তিশালীকরণের মাধ্যমেই এই এই যোগ করে কিন্তু তাদেরকে সুযোগটা করে দেওয়া হয়েছে"
2374247,2417497,SP2,এবং যে বিষয়গুলো পক্ষ দলের বলা উচিত ছিল সেগুলো কিন্তু এসে গেছে যে শহরের জনসংখ্যা চাপ কমানোর জন্য গ্রামীণ অর্থনীতি শক্তিশালী করা দরকার  এবং কোন কোন খাতগুলোকে করা দরকার সেটাও তারা উল্লেখ করেছেন এবং শহরের নানান সমস্যার কথা বলছেন এবং সেখানে আমাদের প্রধানমন্ত্রীর একটি বক্তব্য আমার গ্রাম আমার শহর একথাটাও তারা বলেছেন এটা বলা যথাযুক্ত ছিল এবং এই বিষয়গুলোকে বিপক্ষে বলার সুযোগ যে নাই তা না বিপক্ষে বলার যে মূল যেটা ছিল যে আইটি খাতকে শক্তিশালীকরণ সেটাও কিন্তু এসেছে যেটা আপনারা পত্রপত্রিকায় দেখেছেন যে বাংলাদেশে বাংলাদেশ না সারা বিশ্বে আগামীতে অনেক
2417847,2453347,SP2,বেকারত্ব বেকার হবে যদি এদেরকে রাইট প্লেসে করা না হয় বিশেষ করে সেক্ষেত্রে আইটি সেক্টরের কথা বলা হচ্ছে এবং রোবটিক্স একটা নতুন টার্ম এসেছে সেখানে কর্মসংস্থানসহ অন্যান্য সাইটে কর্মসংস্থান সৃষ্টি করতে হবে শুধু গ্রামকে নিয়ে করলে হবে না তাদের কথা হচ্ছে কিন্তু বাংলাদেশের গ্রাম ভিত্তিক একটি অর্থনীতি সেখানে গ্রামকে ছেড়ে কিন্তু অর্থনৈতিক উন্নয়ন করা সম্ভব না এটাও যেমন গুরুত্বপূর্ণ আবার অন্যান্য কারণ এই এত এখানে ইন্ডাস্ট্রি করা গ্রাম অঞ্চলে যে অবকাঠামো এবং রিসোর্স আমাদের সেই রিসোর্স কোথা থেকে পাওয়া যাবে
2453647,2507797,SP2,সুতরাং এই খাতে বিনিয়োগ করার মতন আমাদের প্রাইভেট সেক্টর কে উৎসাহিত করতে হবে সেটাও আমাদের পক্ষ দল বলেছেন গ্রাম এবং শহর দুটোকেই  একতালে চলতে হবে এবং সেখানে যেমন গ্রামের কর্মসংস্থানের একটা অসুবিধা সেটি হচ্ছে মারজিনাল প্রডাক্টিভিটি একটা কথা বলে লেবারের সেখানে কিন্তু গ্রামের সেটা জিরো পর্যায়ে সুতরাং তারা কোথায় আসবে শহরে আসবে শহরে কিন্তু ইকোনমিকাল স্কেল বলে যেটা যে এখানে প্রডাক্টিভিটি বাড়ানোর সম্ভাবনাটা থেকেই যায় সেক্ষেত্রে আমরা কিন্তু শহরকেই আমরা বা আরবান ইকোনমিকের কথাই বলবো সুতরাং যেটা আমি কঙ্কলিউশনে বলব যে সুষম উন্নয়ন দরকার অর্থাৎ গ্রাম এবং শহর দুটোরেই উন্নয়ন হলে বাংলাদেশ এগিয়ে যাবে প্রবৃদ্ধির ধারা অব্যাহত থাকবে আমার হাতে ফলাফল এসে গিয়েছে আমাদের বিজ্ঞ বিচারকমণ্ডলী
2508047,2547597,SP2,তাদের মতামত দিয়েছেন এবং আমি ফলাফল ঘোষণার আগে আমি বিজিত দলকে আমি শুভেচ্ছা জানাই এবং বিজয়ী দলকে আমি অভিনন্দন জানাই ঘোষণা করছি যে বিজয়ী দল মজিদা জরিনা ফাউন্ডেশন স্কুল এন্ড কলেজ শরীয়তপুর এবং একই দলের দলনেতা সাবরিনা জাহান শোভা শ্রেষ্ঠ বিতার্কিক আমি উভয় দলকে শুভেচ্ছা ও অভিনন্দন জানাচ্ছি এবং আজকের বিতর্ক প্রতিযোগিতা এখানেই সমাপ্ত ঘোষণা করছি সবাইকে ধন্যবাদ
217333,238094,SP3,নীলক্ষা আকাশ নীল হাজার হাজার তারা ঐ নিলে অগণিত আর নিচে গ্রামগঞ্জ হাট জনপদ লোকালয় আছে উনসত্তর হাজার এই গ্রামকেন্দ্রিক বাংলাদেশের গ্রামীণ অর্থনীতি শক্তিশালী করণের মাধ্যমেই অধিক কর্মসংস্থান সৃষ্টি করে সমৃদ্ধির পথে এগিয়ে যাবে লাল সবুজের প্রিয় বাংলাদেশ এ নিয়ে আমাদের আজকের পথচলা 
238475,278428,SP3,"ধন্যবাদ মাননীয় সভাপতি বিজ্ঞ বিচারকমণ্ডলী বিজ্ঞ প্রতিপক্ষ বন্ধু উপস্থিত দর্শক মন্ডলী সকলকে ধন্যবাদ
আমাদের আজকের বিতর্কের বিষয় হল গ্রামীণ অর্থনীতি শক্তিশালী করণের মাধ্যমেই অধিক কর্মসংস্থান সৃষ্টি সম্ভব পক্ষে বলছি আমার দলের প্রথম বক্তা হিসেবে আমি আজকের বিষয়টিকে সংজ্ঞায়ন করে যাব আমার দলের দ্বিতীয় বক্তা তত্ত্ব ও তথ্য উপস্থাপনের ও বাস্তব উদাহরণের মাধ্যমে বিষয়টি বিশ্লেষণ করবে আমার দলের দলনেতা সার্বিক সমন্বয়ের মাধ্যমে বিষয়টি প্রমাণ করে যাবেন সরাসরি সংজ্ঞায়নে চলে আসছি মাননীয় সভাপতি গ্রামীণ অর্থনীতি বলতে আমরা কি বুঝি গ্রামীণ অর্থনীতি যা গ্রামকে কেন্দ্র করে গড়ে ওঠে "
278570,319761,SP3,"কৃষি মৎস্য চাষ ক্ষুদ্র কুটির শিল্প কৃষিসংশ্লিষ্ট যন্ত্রাদি উৎপাদনের জন্য কৃষি শিল্প কারখানা 
স্থাপন ও কৃষি ভিত্তিক শিল্প স্থাপনাকে বোঝাচ্ছি এই গ্রামীণ অর্থনীতির বৈশিষ্ট্য উল্লেখযোগ্য বৈশিষ্ট্য দুটি ঋণের সহজলভ্যতার অভাব অনুন্নত মানবসম্পদ শক্তিশালীকরণ বলতে কি বুঝায় গ্রামের অবকাঠামোগত উন্নয়ন ঋণের সহজলভ্যকরণ প্রশিক্ষণের মাধ্যমে উদ্যোক্তা তৈরি মানবসম্পদ উন্নয়ন কর্মসংস্থান বলতে বুঝাচ্ছি যোগ্যতা অনুযায়ী প্রত্যেক নাগরিকের গুণগত ও পরিমাণগত কাজের নিশ্চয়তা প্রদান 
মাননীয় সভাপতি প্রশ্ন হচ্ছে কেন আমরা শহরের বদলে গ্রামকে অধিক কর্মসংস্থান সৃষ্টি করার ক্ষেত্র হিসেবে ধরে নিচ্ছি"
320475,353666,SP3,"কারণ মাননীয় সভাপতি মানুষের শহরমুখী প্রবাহের ফলে শহরগুলোতে আজ অতিরিক্ত চাপ নিতে অক্ষম তাই উন্নয়নের ভারসাম্যের মাধ্যমে গ্রামকেন্দ্রিক কর্মসংস্থান সৃষ্টি আমাদের জন্য অধিকতর লাভজনক হবে মাননীয় সভাপতি তাকিয়ে দেখুন আমাদের শহরের দিকে কি দেখবেন 
অধিক জনসংখ্যার চাপ এবং পরিবেশ দূষণ বাসস্থানের অভাব এর মধ্যে কিভাবে অধিক কর্মসংস্থান সৃষ্টি করতে পারবে আমাদের পক্ষ দল বিপক্ষদল 
মাননীয় সভাপতি একাদশ জাতীয় সংসদ নির্বাচনের পূর্বে সরকার যে ইশতেহার ইশতেহার"
353761,397142,SP3,"উপস্থাপন করেছিল 
সেখানে গ্রাম হবে শহর নামক একটি প্রস্তাবনা দেওয়া হয়েছিল অর্থাৎ গ্রামের শহরের গ্রামে শহরের সকল নাগরিক সুবিধা পৌছে দেওয়ার অঙ্গীকার করা হয়েছে 
এর উপর ভিত্তি করে গ্রামীণ অর্থনীতি শক্তিশালীকরণের মাধ্যমেই আমরা অধিক কর্মসংস্থান সৃষ্টি করতে পারবো 
মাননীয় সভাপতি চলে যাই আমাদের গ্রামে যেখান থেকে আমাদের দেশের অর্থনীতির সূচনা
 গ্রামীণ অর্থনীতি যা আমাদের দেশের অর্থনীতির মূল তাই যদি শক্তিশালী না হয় তবে আমরা আমাদের দেশের অর্থনীতিতে ধস নামবে অধিক কর্মসংস্থান সৃষ্টি তো দূরের কথা আমাদের দেশে গ্রাম অঞ্চলের শিক্ষিতের পরিমাণ বেকার শিক্ষিত পরিমাণ হচ্ছে চুয়াল্লিশ দশমিক দুই পার্সেন্ট 
এই শিক্ষিত জনগোষ্ঠী চাচ্ছেনা ঘরে বসে তারা বেকার হয়ে বসে থাকুক তারা অবশ্যই তাদের কর্মসংস্থান বৃদ্ধির জন্য চেষ্টা করছে"
397428,432618,SP3,"সাধারণ পরিস্থিতি দেখলে বুঝা যাবে তারা সাধারণত চাচ্ছে শহরে এসে তাদের কর্মসংস্থান সৃষ্টি করতে কিন্তু আমাদের শহরের পরিস্থিতি আরও করুন এখানে একটা সামান্য কেরানীর পদের জন্য একশ জন পদপ্রার্থীর 
তার মধ্যে অতিরিক্ত চাপ প্রতিযোগিতা তার মধ্যে যদি গ্রামের লোকেরা গ্রামের শিক্ষিত বেকার শিক্ষিত লোকেরা এসে চাপ সৃষ্টি করে তাদের অবস্থা কি হবে এতে আমাদের পরিস্থিতিতে সম্পূর্ণই বিগড়ে যাবে তারা কেন শহরে আসছে লক্ষ্য পূরণ করার জন্য কেন কাজের জীবিকা অর্জনের জন্য তারা শহরে আসছে গ্রামে বসে থেকে তারা তাদের স্বপ্ন পূরণ করতে পারছে না গ্রামে সেরকম সুযোগ সুবিধা নেই"
433856,494332,SP3,কিন্তু শহরে এসে তারা কি পাচ্ছে তারা কি তাদের লক্ষ্য অর্জন করতে পারছে বা কতজনই তাদের স্বপ্ন পূরণ করতে পারছে তারা তাদের সঠিকভাবে মূল্যায়ন করতে পারছে আমাদের আমাদের দেশের যে গ্রামীণ অর্থনীতি শক্তিশালী করার মাধ্যমেই আমাদের এটা সম্ভবপর হবে যাতে গ্রামের গ্রামীণ বেকার বেকার শিক্ষিত লোকেরা যেন তাদের কর্মসংস্থান সৃষ্টি করতে পারবে আমরা আমাদের গ্রামীণ অর্থনীতি শক্তিশালী করলে গুণগত গুণগত ও পরিমাণগত কর্মসংস্থান বৃদ্ধি করতে পারব শহরকেন্দ্রিক শিল্প অর্থনীতিতে যাদের কর্মসংস্থান হচ্ছে তাদের জীবন দুর্বিষহ উদাহরণ হিসেবে আমরা একজন একজন গ্রামে একজন গার্মেন্টস কর্মীর কথা বলি সে তার কর্মসংস্থানের জন্য তার সন্তানদের কাছ থেকে দূরে থেকে শহরে এসে জীবিকা অর্জন করছে এতে করে তাদের সন্তানের সাথে তাদের মানসিক দূরত্ব বজায় উঠছে এতে করে কি তারা গুণগতমান বজায় রয়েছে তারা ঠিকই পরিমাণগত মান বজায় আছে কিন্তু গুণগত মান এখানে  বৃদ্ধি পাচ্ছে না
494523,530428,SP3,কিন্তু যদি আমরা গ্রামীণ অর্থনীতি শক্তিশালী করি তাহলে এখানে গুণগত মানের সাথে সাথে পরিমাণগত মান ও বৃদ্ধি পাবে আমরা আমাদের ক্ষুদ্র ও কুটির শিল্প এর কথা জানি এটি আমাদের দেশে না শুধু পুরো পৃথিবীতে সমাদৃত কিন্তু আজ সঠিক অবমূল্যায়নের অভাবে তা আজ বিলুপ্ত হয়ে যাচ্ছে আমাদের মসলিন  মসলিন জামদানি হস্তশিল্প এদের মূল্যায়ন সারা বিশ্বে রয়েছে সারা বিশ্বে রয়েছে সহজ শর্তে ঋণ দিয়ে প্রশিক্ষণের মাধ্যমে সমাবায় সমিতির সহায়তায় গ্রামের তাতে কিংবা বেকার জনগোষ্ঠীর কে কাজে লাগিয়ে অধিক কর্মসংস্থান সৃষ্টি করা সম্ভব ধন্যবাদ
536618,577571,SP4,"এগিয়ে যাবে দেশ তথ্য প্রযুক্তির ছোয়ায় উদ্ভাবিত মাত্রায় সমৃদ্ধির অগ্রযাত্রায় বাংলাদেশ ধন্যবাদ মাননীয় সভাপতিকে আমাকে আজকের বিতর্কে বক্তব্য দেয়ার সুযোগ করে দেয়ার জন্য মাননীয় সভাপতি আমাদের আজকের বিতর্কের বিষয়টি নির্ধারিত হয়েছে গ্রামীণ অর্থনীতি শক্তিশালী করণের মাধ্যমেই অধিক কর্মসংস্থান সৃষ্টি করা সম্ভব  অত্যন্ত যুক্তিসঙ্গত কারণে বিপক্ষে বলছি পক্ষ দলের প্রথম বক্তা সংজ্ঞায়ন করেছে করেছেন কিন্তু সংজ্ঞায়নটি পরিপূর্ণ নয় বিধায় পুনরায় সংজ্ঞায়ন করছি মাননীয় সভাপতি সংজ্ঞায়নের ক্ষেত্রে যে শব্দগুলো কে প্রাধান্য দিচ্ছি সেগুলো হলো গ্রামীণ অর্থনীতি শক্তিশালী করণ ইপ্রত্যয় এবং অধিক কর্মসংস্থান সৃষ্টি 
মাননীয় সভাপতি অর্থনীতিবিদ এরল রবিনসের মতে গ্রামীণ অর্থনীতি হলো গ্রামের মানুষ যেসকল কাজ করে জীবিকা নির্বাহ করে তাকে গ্রামীণ অর্থনীতি বলে"
577666,623142,SP4,"অপরদিকে বিশিষ্ট অর্থনীতিবিদ ডঃ দেবপ্রিয় ভট্টাচার্য একটি গবেষণায় বলেছেন গ্রামের সংস্কৃতি নির্ভর কাজ গুলি হল গ্রামীণ অর্থনীতির মূল অংশ
অধিক কর্মসংস্থান বলতে বোঝানো হয়েছে রাষ্ট্রের সকল নাগরিককে কাজের সুযোগ করে দেওয়ার জন্য সর্বস্তরে অধিক কার্যক্ষেত্র সৃষ্টিকরতা 
শক্তিশালীকরণ বলতে বোঝানো হয়েছে গ্রামীন অর্থনীতিসমৃদ্ধ কাজগুলোকে ঢেলে সাজানো এবং যুগোপযোগীকরণ করা 
মাননীয় সভাপতি ইপ্রত্যয় বলতে বোঝানো হয়েছে বাংলা ব্যকরণবিধি অনুযায়ী এক এবং একমাত্র মাধ্যমকে 
লক্ষ্য করুন মাননীয় সভাপতি ঠিক এই বিষয়টিতে আমরা বিরোধিতা করছি যেটি আজকের পুরো বিতর্কের বিষয়টিতে সূক্ষ্মভাবে দৃষ্টিপাত করলে আমরা দেখতে পাই যে অধিক কর্মসংস্থান সৃষ্টি করার কথা বলা হয়েছে
যার ক্ষেত্রে সেক্ষেত্রে প্রতিপক্ষ দল আজকে শুধুমাত্র গ্রামীণ অর্থনীতিকে শক্তিশালী করার কথা বলা হয়েছে যা কখনো যুক্তিসঙ্গত নয় যা কখনো বাস্তবসংগত নয়"
623258,647918,SP4,"এবং বিপক্ষ দলের প্রথম বক্তা হিসেবে আমি বিরোধিতা করে যাচ্ছি যে শুধুমাত্র গ্রামীণ অর্থনীতি নয় বরং সার্বিক অর্থনৈতিক শক্তিশালীকরণের মাধ্যমেই  অধিক কর্মসংস্থান সৃষ্টি করা সম্ভব আর এই ক্ষেত্রটি সুস্পষ্ট প্রমাণিত তিনটি ক্ষেত্র উপস্থাপন করছি যা যুক্তি তথ্য এবং উপাত্ত দিয়ে প্রমাণ করে যাব 
যে পক্ষ দল থেকে উত্থাপিত প্রস্তাবটি সম্পূর্ণ অযৌক্তিক যা কখনো বাস্তবসংগত নয় যা কখনো যুক্তিসঙ্গত নয় লক্ষ্য করুন মাননীয় সভাপতি এক্ষেত্রেও কথা হচ্ছে প্রথমত"
647998,665858,SP4,আইটি সমৃদ্ধ অর্থনীতিকে শক্তিশালী করণ দ্বিতীয়ত যুগবান্ধব শিল্পায়ন এবং বেসরকারি খাত গুলোকে শক্তিশালী করণ এবং তৃতীয়ত দক্ষযজ্ঞ জনবল প্রস্তুত করার জন্য শিক্ষা প্রকল্পকে শক্তিশালীকরণ মাননীয় সভাপতি বিপক্ষ দলের প্রথম বক্তা হিসেবে প্রথম ক্ষেত্রটি বিশ্লেষণ করছি শুরুতে একটি তথ্য ও সমীক্ষা উপস্থাপন করছি 
666198,700738,SP4,"তথ্য প্রযুক্তির আধুনিকায়ন আমাদের এই দেশ খুব বেশিদিন আগের কথা নয় 
সর্বকালের সর্বশ্রেষ্ঠ বাঙালি জাতির পিতা বঙ্গবন্ধু শেখ মুজিবুর রহমানের স্বপ্নের সোনার বাংলা বিনির্মানে
 বঙ্গবন্ধু কন্যা মাননীয় প্রধানমন্ত্রী জননেত্রী শেখ হাসিনা সদুই হাজার আট সালে ডিজিটাল বাংলাদেশের যে একটা স্বপ্ন দেখিয়েছিলেন যা আজ এক দশক পার হয়েছে বর্তমান বাংলাদেশের আইটি সেক্টরে বিভিন্ন কার্যক্রমে কর্মরত আছে মানুষ
অর্থাৎ মাননীয় সভাপতি  সভাপতি ডিজিটাল আইটি বান্ধব দেশ বিনির্মাণের অভিপ্রায়ের কারণে এই এক দশকে প্রায় আট লাখ বাষট্টি হাজার চারশো বিরানব্বই জন মানুষের কর্মসংস্থান সৃষ্টি হয়েছে যার সিংহভাগই শতকরা সাতষট্টি দশমিক তিন দুই শতাংশই আইটি সেক্টরের সাথে সম্পৃক্ত"
700858,721578,SP4,"তথ্যসূত্র ডব্লিউ ডব্লিউ ডব্লিউ ডট আই সি টি ডি ডট গভ ডট বিডি
মাননীয় সভাপতি এ তথ্য চিত্র থেকে এ কথাই প্রমাণ করা যায় শুধুমাত্র গ্রামীন অর্থনীতিই শক্তিশালী করা নয় বরং আমার দেখিয়ে যাওয়া সার্বিক অর্থনীতি শক্তিশালী করার মাধ্যমেই অধিক কর্মসংস্থান সৃষ্টি করা সম্ভব 
মাননীয় সভাপতি  পত্রিকার পাতায় নজর দেই
গত বিশ ই আগস্ট তারিখে অনুষ্ঠিত হয়ে গেল জয় বাংলা ইয়ুথ এওয়ার্ড দু হাজার আঠারো"
721798,758898,SP4,"অনুষ্ঠানের প্রধান অতিথি হিসেবে প্রধানমন্ত্রীর আইসিটি বিষয়ক উপদেষ্টা জনাব সজীব ওয়াজেদ জয় বলেছেন আগামী এক দশকে বাংলাদেশ বিশ্ব আইসিটিতে এগিয়ে যাওয়া দেশগুলোর মধ্যে অন্যতম সেরা দেশ হওয়ার গৌরব অর্জন করবেন
 এবং উন্নত বিশ্বের সাথে তাল মিলাতে কর্মসংস্থান সৃষ্টিতে অগ্রাধিকার খেতে সবচেয়ে বেশি  গুরুত্ব দেয়া হবে আইসিটি খাতকে 
তিনি আগামী দশ বছরে আইসিটি খাতে এক কোটি কর্মসংস্থান সৃষ্টির ঘোষণা দিয়েছেন যা বাংলাদেশের অন্যতম অগ্রগিতির দৃশ্যমান উন্নয়ন হিসেবে মনে করা হচ্ছে তথ্যসূত্র কালের কণ্ঠ একুশ আগস্ট
মাননীয় সভাপতি এ তথ্যচিত্র আরও একবার প্রমাণ করে যে শুধু মাত্র গ্রামীণ অর্থনীতি নয় প্রতিপক্ষ বরং সার্বিক অর্থনৈতিক ব্যবস্থাপনার  মাধ্যমেই অধিক কর্মসংস্থান সৃষ্টি করা সম্ভব "
759048,816748,SP4,"মাননীয় সভাপতি এবার একটি ভিন্ন বিষয়ে দৃষ্টিপাত করি সমৃদ্ধির অগ্রযাত্রায় বাংলাদেশ
এই স্লোগানকে সামনে রেখে এবারে একাদশ জাতীয় নির্বাচনে বাংলাদেশ আওয়ামী লীগ ইশ্তেহার প্রণয়ন করে কর্মসংস্থান সৃষ্টির একটি বিশদ পরিকল্পনা করেছেন এবং ইতোমধ্যেই বিশ্বের সেরা প্রধানমন্ত্রী জননেত্রী শেখ হাসিনার হাত ধরে নিরংকুশ সংখ্যাগরিষ্ঠতা লাভের মাধ্যমে জয়লাভ করেছে বাংলাদেশ আওয়ামী লীগ
মাননীয় সভাপতি কর্মসংস্থান সৃষ্টির এই পরিকল্পনা এই সরকার আগামী দশ বছরে এক কোটি কর্মসংস্থান সৃষ্টির ঘোষণা দিয়েছে যার সিংহভাগই আইটি সেক্টরের সাথে সম্পৃক্ত 
মাননীয় সভাপতি এ কথা থেকে আরও একবার প্রমাণিত হয় যে শুধুমাত্র গ্রামীণ অর্থনীতি নয় বরং আমাদের দেখিয়ে যাওয়া সার্বিক অর্থনীতি ব্যবস্থাপনাকে শক্তিশালীকরণের মাধ্যমেই অধিক কর্মসংস্থান সৃষ্টি করা সম্ভব
মাননীয় সভাপতি প্রতিপক্ষ দলের প্রথম বক্তা বলে গেলেন কৃষি বান্ধব অর্থনীতির উন্নয়নের মাধ্যমে 
তারা অধিক কর্মসংস্থান সৃষ্টি করবে 
লক্ষ্য করুন মাননীয় প্রতিপক্ষ বন্ধু বর্তমান দুহাজার উনিশ সাল এখন আমি আপনি  এবং এখানে উপস্থিত সবাই এমন একটি জায়গায় দাঁড়িয়ে আছি ডিজিটালের দিকে এগিয়ে যাচ্ছে"
817048,837798,SP4,এখন আর আপনি দুই হাজার উনিশ সালের সাথে ত  দুই দশক আগের পৃথিবীর কথা তলে ধরে বলতে পারেন না অধিক কর্মসংস্থান সৃষ্টির কথা যেটি হাস্যরসাত্মক বিষয় ছাড়া আর কিছুই নয় এবং যেটি মিথ্যা কল্পনা ছাড়া আর কিছুই নয় অর্থাৎ মাননীয় সভাপতি পক্ষ দলের উত্থাপিত প্রস্তাবটি কখনই গৃহীত হওয়ার দাবি রাখে না ধন্যবাদ মাননীয় সভাপতি ধন্যবাদ বিজ্ঞ বিচারকগণ ধন্যবাদ সবাইকে
843098,899697,SP5,"আমার বিজ্ঞ প্রতিপক্ষ বন্ধুরা আপনারা সার্বিক উন্নয়নের মাধ্যমে কোন কোন ক্ষেত্রের উন্নয়ন করতে চাচ্ছেন কোন কোন অর্থনীতিকে বোঝাতে চাইছেন তা কিন্তু ধোয়াশাই রয়ে গেল আপনারা এখানে সার্বিক অর্থনীতির কথা বলছেন কিন্তু সার্বিক অর্থনীতির মধ্যে কি শহরের অর্থনীতি আর গ্রামীণ অর্থনীতি আলাদা করে দেখানো আপনাদের উচিত ছিল না প্রতিপক্ষ বন্ধুরা প্রতিপক্ষ বন্ধু ধন্যবাদ মাননীয় সভাপতি আমাকে কিছু বলার সুযোগ প্রদান করার জন্য 
আজকে আমাদের বিতর্কের বিষয় নির্ধারিত হয়েছে গ্রামীণ অর্থনীতিকে শক্তিশালী করণের মাধ্যমে অধিক কর্মসংস্থান সৃষ্টি করা সম্ভব বিষয়টির পক্ষে বলছি 
প্রতিপক্ষ বন্ধু আজকে যদি আমরা বিতর্কের বিষয়টি লক্ষ্য করি তাহলে প্রথমেই গ্রামীণ অর্থনীতির ধারণাটি আসে এবং গ্রামীণ অর্থনীতির শক্তিশালীকরণ বলতে আমরা শুধুমাত্র কৃষি ক্ষেত্র দিয়ে আমাদের গ্রামের অর্থনীতি শক্তিশালীকরণ বোঝাচ্ছি না প্রতিপক্ষ বন্ধুরা আমাদের গ্রামীন অর্থনীতিতে আরও অনেক ক্ষেত্র রয়েছে সেখানে আমার প্রতি আমার দলের প্রথম বক্তা বলে গিয়েছেন শুধুমাত্র কৃষিক্ষেত্রের  কথা উনি কিন্তু কুটির শিল্পর কথা বলেছেন মৎস গবাদি ইত্যাদি এসকল ক্ষেত্রে কথাই বলেছেন"
899798,956748,SP5,"আজ আমাদের দেশের গ্রামীণ অর্থনীতির অস্থিতিশীল অবস্থার কারণে কর্মসংস্থানের অভাব দেখা দিয়েছে আজকে আমাদের বিতর্কের বিষয় অনুযায়ী আমাদের মূল লক্ষ্য হচ্ছে অধিক কর্মসংস্থান সৃষ্টি করা এবং এটাই দেখিয়ে যাবো গ্রামীণ অর্থনীতি শক্তিশালী করার মাধ্যমেই অধিক কর্মসংস্থান  সৃষ্টি করা সম্ভব 
প্রথমত গ্রামের অর্থনীতি শক্তিশালীকরণ বলতে আমরা যা বোঝাতে চাইছি তা হলো অবকাঠামোগত গ্রামীণ উন্নয়ন যার ফলস্বরূপ মানবসম্পদের উন্নয়ন হবে কেননা আমরা যখন গ্রামীণ অর্থনীতি শক্তিশালীকরণ করব তখন অদক্ষ  অপ্রশিক্ষণপ্রাপ্ত জনশক্তিকে দক্ষ জনসম্পদে পরিণত করা সম্ভব হবে মাননীয় সভাপতি আমরা যখন ঋণের সহজলভ্যতার পথ প্রসার করব তখন সেই মানুষগুলোই উদ্যোক্তাতে পরিণত হবে যাতে তারা নিজের কর্মসংস্থান সৃষ্টি করতে পারে এখন আমাদের এখন আমাদের কথা হচ্ছে গ্রামীণ অর্থনীতিকে আমরা কিভাবে শক্তিশালী করতে পারি মাননীয় সভাপতি মাননীয় সভাপতি গ্রামীণ অর্থনীতিকে শক্তিশালী করতে হলে আমাদের কি তিনটি ধাপে কাজ করতে হবে প্রথমত অবকাঠামোগত উন্নয়ন দ্বিতীয়ত সহজলভ্য ও ঋণের প্রসার এবং উদ্যোক্তা মূলক"
956998,1025748,SP5,"প্রশিক্ষণের প্রসার এক্ষেত্রে মাননীয় সভাপতি কথা বলতে চাইছি ঋণের সহজলভ্যতাকরণ 
ঋণের সহজলভ্যতাকরণের মাধ্যমে একজন মানুষ তার আত্মকর্মসংস্থান সৃষ্টি করতে সক্ষম হবে মাননীয় সভাপতি 
এখন আমার প্রতিপক্ষ দল চাইছে যে সার্বিক উন্নয়ন করতে কিন্তু আজ যেখানে আমাদের বাংলাদেশের অধিকাংশই গ্রামীণ এলাকা সেখানে আপনারা গ্রামকে বাদ দিয়ে কিভাবে সার্বিক উন্নয়ন করতে পারবেন তাই ধোয়াশা রয়ে গেল মাননীয় প্রতিপক্ষ বন্ধু আজকে গ্রামের একজন নারী যখন একটি সেলাই মেশিন কেনার সামর্থ্য রাখে না তখন তাকে যদি আমরা পর্যাপ্ত পরিমাণ ঋণ প্রদান করতে পারি তখন সে তার কাজের মাধ্যমে আরও দুইটি সেলাইমেশিন কেনার ক্ষমতা লাভ করবে 
যাতে সেই গ্রামেরই আরো দুজন নারীর কর্মক্ষেত্র তৈরি হবে প্রতিপক্ষ বন্ধু আমরা যদি গ্রামীণ অর্থনীতিকে শক্তিশালী করার জন্য যথাযথ ব্যবস্থা যেমন ঋণের সহজলভ্যতা তৈরি উদ্যোক্তা প্রশিক্ষণ প্রশিক্ষণ এর প্রসার ঘটাব  তখনই অধিক কর্মসংস্থান তৈরি হবে এবং তখনই গ্রামের মানুষ গুলোকে কাজের ক্ষেত্রে কাজের ক্ষেত্র তৈরি করে দিতে পারব 
বলছি উদ্যোক্তা ও প্রশিক্ষণের কথা ছাব্বিশ ই জানুয়ারী দুহাজার উনিশ এ প্রকাশিত একটি প্রতিবেদন থেকে বলছি রংপুরের সদর উপজেলার পাগলাপীর অঞ্চলের অভিক শেখের কথা যিনি কৃষি বিভাগে মালির কাজ করতেন"
1025798,1076648,SP5,"সেখান থেকেই গাছের কলম ও কাটিং এর বিষয়ে তিনি প্রশিক্ষণ পান শুধুমাত্র মালির কাজ করে যখন তার সংসার চালানো অসম্ভব হয়ে গিয়েছিল
তখন তিনি বাড়ি বাড়ি গিয়ে চারার গাছ বিক্রি করতেন এবং কলম এবং কাটিং এর প্রশিক্ষণ দিতেন যার কারণে তার জনপ্রিয়তা এবং ক্রেতার সংখ্যা দিন দিন বাড়তেই থাকে বর্তমানে তিনি নিজের ছয় একর জমি এবং ছাব্বিশ একর বর্গা জমিতে চারা গাছ উৎপাদন করেন যেখানে প্রায় একশ জন লোক কাজ করে এবং সেই নার্সারি থেকে বিপুল পরিমাণ মাটির পাত্র দরকার হয় তা তৈরি করে সেখানকার বিশ টি পরিবারই তাদের জীবিকা নির্বাহ করছে মাননীয় সভাপতি 
লক্ষ্য করুন আজকে যখন আমরা উদ্যোক্তা মূলক প্রশিক্ষণের প্রসার ঘটাবো গ্রামীণ অর্থনীতির উন্নয়নের জন্য তখন তার ফলস্বরূপ আমরা নতুন নতুন কর্মসংস্থান সৃষ্টি হবে যার বাস্তব উদাহরণ অভিক শেখের নার্সারি 
গ্রামীন অর্থনীতির উৎপাদনশীলতা এবং আয় বৃদ্ধি করনের ফলে একদিকে যেমন গ্রামীণ কর্মসংস্থান বৃদ্ধি পাচ্ছে তেমনি শহর বা শহরমুখী জনসাধারণের"
1076848,1136548,SP5,"ও হ্রাস পাচ্ছে  
আমরা এখন দেখছি গ্রামের মানুষ শুধু শহরমুখীই হচ্ছে কিন্তু মাননীয় সভাপতি আমরা যদি গ্রামে পর্যাপ্ত পরিমাণ তাদের কর্মসংস্থান তৈরি করে দিতে পারি আমাদের গ্রামের অর্থনীতি যদি ওরকম শক্তিশালী হতো তাহলে কিন্তু মাননীয় স্পিকার আমাদের মানুষগুলো শহরমুখী হতো না
মাননীয় সভাপতি আজকে যদি আমরা গ্রামীণ অর্থনীতিকে শক্তিশালী করতে সক্ষম হই তখন আমাদের পল্লী কবি তার শহরের বন্ধুকে আর বলতে হবেনা 
তুমি যাবে ভাই যাবে মোর সাথে আমাদের ছোট গায় 
শহরকেন্দ্রিক উন্নয়ন দর্শন এর বিপরীতে উন্নয়ন চিন্তাকে গ্রামপর্যায়ে বিকেন্দ্রীকরণের মাধ্যমে সকল নাগরিকের কর্মসংস্থান প্রদানের সুযোগ নিশ্চিত করে আগামী প্রজন্মের জন্য আমরা একটি সমৃদ্ধ বাংলাদেশ বিনির্মাণ করতে চাই মাননীয় সভাপতি আমরা আবারও বলছি না যে সর্বাঙ্গীণ অর্থনীতি আমি আবারও বলছি যে সর্বাঙ্গীণ ও অর্থনীতি বলতে উনি ঠিক কোন কোন অর্থনীতির কথাটি বোঝাতে চাইছেন আমরা এখানে বলছি যে গ্রামীণ অর্থনীতিকে যদি আমরা শক্তিশালীকরণ করতে যাই তাহলে অবশ্যই সেখানে অধিক কর্মসংস্থান সৃষ্টি হবে যেখানে আমাদের গ্রামে অধিকাংশই মানুষেরা বসবাস করে
ধন্যবাদ মাননীয় সভাপতি ধন্যবাদ সবাইকে"
1142899,1221748,SP6,"আমার সোনার বাংলাদেশ অগ্রযাত্রায় তোমার বিশ্বের বুকে মাথা উঁচু করে দাঁড়িয়ে যায় এটাই গর্ব আমার ধন্যবাদ মাননীয় সভাপতি বিপক্ষ দলের দ্বিতীয় বক্তা হিসেবে আমাকে সুযোগ দেওয়ার জন্য 
শুরু করছি পক্ষ দলের দ্বিতীয় বক্তার যুক্তি খন্ডন দিয়ে প্রতিপক্ষ বন্ধু আপনি বলে গেলেন কৃষি মৎস্য গবাদি অর্থাৎ অবকাঠামোগত গ্রামের উন্নয়নের কথা কিন্তু প্রত্যাশিত এই খাতে বিগত কত বছরে কতটি কর্মসংস্থান সৃষ্টি হয়েছে সেই তথ্য উপাত্ত এবং আগামী দশ বছরে কতটি কর্মসংস্থান সৃষ্টি হবে যা আদৌ অধিক কর্মসংস্থান সৃষ্টি উন্মোচন করবে কিনা তা কিন্তু আপনি দেখিয়ে জাননি বরং কিছু অগোছালো যুক্তির মাধ্যমে আজকের বিতর্কের মধ্যে একটি ধোঁয়াশা সৃষ্টি করলেন 
কিন্তু প্রতিপক্ষ আমার দলের দলীয় অবস্থান নিশ্চিত করতে ইতোমধ্যে আমার প্রথম বক্তা সুস্পষ্টভাবে অধিক কর্মসংস্থান সৃষ্টির ক্ষেত্রে আইটি সেক্টর শক্তিশালীকরণের কথা বলে গেছেন 
লক্ষ্য করুন প্রতিপক্ষ এই সেক্টরে কর্মসংস্থান সৃষ্টির অন্যতম পরিকল্পনায় সরকার চলমান প্রজেক্ট হল দেশের আটটি অঞ্চলে আইটি পার্ক স্থাপন করা যার অধীনে প্রায় দশ লক্ষ মানুষের কর্মসংস্থান সৃষ্টি হবে
তথ্যসূত্র ডব্লিউ ডব্লিউ ডব্লিউ ডট আই সি টি ডি ডট গভ ডট বিডি
 আর এই তথ্যচিত্রই কিন্তু সুস্পষ্টভাবে আপনার যুক্তির অসারতা প্রমাণ করে 
লক্ষ্য করুন মাননীয় সভাপতি এ পর্যায়ে আমি আমার প্রথম বক্তার উল্লেখিত তিনটি ক্ষেত্রের দ্বিতীয় ক্ষেত্রটি ব্যাখ্যা করছে 
ব্যাখ্যা করছি যুগবান্ধব শিল্পায়ন এবং বেসরকারি খাতকে শক্তিশালীকরণের বিষয়টি"
1221898,1265598,SP6,"মাননীয় সভাপতি একটু পত্রিকার পাতায় নজর দেই 
একুশ জানুয়ারি দুহাজার উনিশ দৈনিক ইত্তেফাক পত্রিকায় প্রকাশিত জনশক্তি ও কর্মসংস্থান ব্যুরো তাদের একটি অফিশিয়াল সমীক্ষায় তুলে ধরেছেন যেখানে দেখানো হয়েছে ঢাকা নারায়ণগঞ্জ গাজীপুর সহ দেশের প্রতিটি জেলা শহরে গার্মেন্ট শিল্পের ব্যক্তি উদ্যোগের অগ্রগতি চিত্র 
মাননীয় সভাপতি দুহাজার এক সালে যেখানে বছরে নতুন কর্মসংস্থান সৃষ্টি সংখ্যা ছিল প্রায় চার লক্ষ ঠিক সেখানে দাঁড়িয়ে দুহাজার দশ সালে এই সংখ্যা পৌঁছে যায় সাত লক্ষে 
শুধু তাই নয় মাননীয় সভাপতি দুহাজার পনেরো সালে এই সংখ্যা দাঁড়ায় এগারো লক্ষে এবং বর্তমান তা চৌদ্দ লক্ষের কাছাকাছি পৌঁছে গেছে 
মাননীয় সভাপতি এই সমীক্ষায় আরো উঠে এসেছে যে বাংলাদেশের ছোট বড় শিল্প প্রতিষ্ঠানের সংখ্যা
প্রায় ছয় লক্ষ সাতান্ন হাজার তিনশো চুয়াত্তর টিরও বেশি "
1265748,1303898,SP6,"পরিবেশ অধিদপ্তর থেকে প্রাপ্ত তথ্য মতে আগামী দুই বছরে বৃহৎ এবং সর্ববৃহৎ পর্যায়ে শিল্পপ্রতিষ্ঠান তৈরি করতে অনুমোদন প্রার্থীর সংখ্যা প্রায় দুই লক্ষাধিক
মাননীয় সভাপতি অধিক সংখ্যক  শিল্পপ্রতিষ্ঠান করার মাধ্যমে অসংখ্য মানুষের কর্মসংস্থান সৃষ্টি হবে যা আজকের বিতর্কের আলোচ্য বিষয় 
অর্থাৎ মাননীয় সভাপতি এ তথ্যের দ্বারা সুস্পষ্টভাবে প্রমাণিত হয় শুধুমাত্র গ্রামীণ অর্থনীতি নয় আমাদের দেখানো সার্বিক অর্থনীতি শক্তিশালীকরণের অংশ শিল্পায়নকে সম্প্রসারিত করার মাধ্যমেই সম্ভব অধিক কর্মসংস্থান সৃষ্টি করা যা ইতোমধ্যেই প্রমাণিত 
মাননীয় সভাপতি এ পর্যায়ে আমি বেসরকারী খাতকে শক্তিশালীকরণের বিষয়টি ব্যাখ্যা করছি 
লক্ষ্য করুন মাননীয় সভাপতি কয়েকটি তথ্য চিত্র তুলে ধরছি "
1303998,1341648,SP6,"অধ্যাপক কায়কোবাদ বলেছেন লক্ষ্যভেদী কর্মসূচি নিয়ে এগিয়ে গেলে আইসিটি ক্ষেত্রে অভাবনীয় কর্মসংস্থান সৃষ্টি করতে পারবে বাংলাদেশ 
মাননীয় সভাপতি মোবাইল অপারেটরদের সংগঠক অ্যামটব এর সেক্রেটারি টি আই এম নূরুল কবীর বলেছেন বিগত কয়েক বছরে টেলিকম সেক্টরে বাংলাদেশে পনেরো লাখের বেশি কর্মসংস্থান সৃষ্টি হয়েছে এবং
আমি পাঁচ বছরে যা কয়েক গুণ ছাড়িয়ে যাবে 
বিশিষ্ট শিল্প উদ্যোক্তা প্রদীপ কুমার সাহা বলেন বেসরকারি খাতের উদ্যোক্তাদের আগ্রহের কারণে বর্তমান বাংলাদেশে এই খাত এই কর্মসংস্থানের দিক থেকে দ্রুত বর্ধনশীল অর্থনীতিতে রূপান্তরিত হয়েছে 
আর এই ব্যবস্থাপনাকে জোরদার করার জন্য সরকারি পর্যায়ে দরকার বাস্তবমুখী শিক্ষা ও পরিকল্পনা"
1341848,1384948,SP6,"মাননীয় সভাপতি বেসরকারী সংস্থা বেসিস এর সভাপতি সৈয়দ আলমাস কবীর বলেছেন আপাতত বাংলাদেশের সব থেকে অধিক কর্মসংস্থান সৃষ্টির জায়গা হলো তথ্যপ্রযুক্তিনির্ভর বেসরকারি খাত সমূহ যেখানে বর্তমানে সবথেকে বড় বাজার হচ্ছে আউটসোর্সিং এর কার্যক্রম 
লক্ষ্য করুন মাননীয় সভাপতি প্রত্যেকটি তথ্যসূত্রেই কিন্তু গবেষকদের গবেষণায় উঠে এসেছে আমার দেশের ভবিষ্যৎ কর্মসংস্থানের জায়গাসমূহ যেখানে মাননীয় সভাপতি তারা সুস্পষ্টভাবে দেখিয়েছেন যে বেসরকারি খাত দলকে শক্তিশালীকরণের মাধ্যমে অসংখ্য কর্মসংস্থান সৃষ্টি করা সম্ভব যা কখনই এককভাবে গ্রামীণ অর্থনীতি শক্তিশালীকরণের দ্বারা সম্ভব নয় মাননীয় সভাপতি এ পর্যায়ে বিগত এক দশকে আমার দেশের গুরুত্বপূর্ণ কয়েকটি বেসরকারি কর্মসংস্থান খাতের তথ্য চিত্র তুলে ধরছি "
1385003,1455098,SP6,"বিগত এক দশকে বাংলাদেশের বেসরকারি বিশ্ববিদ্যালয় স্কুল কলেজের সংখ্যা বেড়েছে তেরো হাজার একষট্টি টি যেখানে শিক্ষক কর্মকর্তা কর্মচারী পর্যায়ে কর্মসংস্থান সৃষ্টি হয়েছে প্রায় দশ লাখ আঠারো হাজার সাতাষি টি মাননীয় সভাপতি বেসরকারি ব্যাংক বীমা ও আর্থিক প্রতিষ্ঠানের সংখ্যা বেড়েছে একশ সাইত্রিশ টি যেখানে নতুন কর্মসংস্থান সৃষ্টি হয়েছে একুশ লাখ পচাত্তর হাজার দুইশো তেইশ জন মানুষের 
এখানেই শেষ নয় মাননীয় সভাপতি বেসরকারিভাবে গড়ে ওঠা বিভিন্ন শিল্প প্রতিষ্ঠানের সংখ্যা বেড়েছে ছয় লক্ষ সাতান্ন হাজার তিনশো চুয়াত্তর বেশি যেখানে নতুন কর্মসংস্থান সৃষ্টি হয়েছে চৌদ্দ লক্ষ তিয়াত্তর হাজার দুইশো তিরাশি জন মানুষের অর্থাৎ মাননীয় সভাপতি বিগত এক দশকে দেশের মোট জনশক্তির প্রায় দুই তৃতীয়াংশ কর্মসংস্থানই বেসরকারি খাতকে ঘিরে তৈরি হয়েছে
তথ্য সূত্র গবেষণা রিপোর্ট সেন্টার ফর পলিসি ডায়ালগ সিপিডি এর অফিশিয়াল পর্যালোচনা দুইহাজার আঠারো
কিন্তু মাননীয় সভাপতি এখানে আমাদের প্রতিপক্ষ বন্ধু বারবার বলে যাচ্ছেন আমরা নাকি কোন ক্ষেত্রে তাদের দেখিয়ে যাইনি যে সার্বিক অর্থনীতি আমরা কীভাবে সম্প্রসারিত করব কিন্তু প্রতিপক্ষ আপনার অবজ্ঞার্থে আমরা বলে যাচ্ছি আমার দলের প্রথম বক্তা ইতোমধ্যেই তিনটি ক্ষেত্রে উপস্থাপন করে গেছেন 
অর্থাৎ মাননীয় মডারেটর তাদের এই যুক্তির কোন যুক্তি আজকের এই বিতর্কের মাঝে গৃহীত হওয়ার দাবি রাখেনা ধন্যবাদ মাননীয় মডারেটর ধন্যবাদ সবাইকে "
1463497,1498297,SP7,"মানলাম আপনাদের সব আছে ক্ষেত্র আছে সব কিছুই আছে দেশের ষোলো কোটি জনতা তার মধ্যে আপনি শুধু কিছু শিক্ষিত মানুষদেরই কর্মসংস্থানের কথা তুলে ধরেছেন দেশের যেসব গ্রামীন পর্যায়ে যেসব মানুষ রয়েছেন তাদের কাছে আপনি কোন কর্মসংস্থান টি দিয়েছেন তা আমরা এখন পর্যন্ত প্রমাণ পায়নি মাননীয় সভাপতি শুধুমাত্র আইটি সেক্টর দিয়েই তিনি কর্মসংস্থানের কথাটি তুলে ধরলেন হ্যা তিনি আরও তুলে ধরলেন শিক্ষকের কথা কিন্তু বাংলাদেশে যে আরও কতগুলো কর্মসংস্থান তৈরি করা সম্ভব তা আদৌ আপনাদের বিপক্ষ দল জানে কিনা আমি সে বিষয়ে ধারণা পাচ্ছিনা
ধন্যবাদ আজকের বিতর্ক সভায় কিছু বলার সুযোগ দেয়ার জন্য "
1498397,1596595,SP7,"আমার দেশের মাটির গন্ধে ভরে আছে সারা মন শ্যামল কোমল পরশ ছায়া যে নেই কোন প্রয়োজন মাননীয় সভাপতি নিয়ে যাচ্ছি সেই গ্রামে যে গ্রাম কে কেন্দ্র করে আমাদের দেশের অর্থনীতির সূচনা এবং দেশের অর্থনীতিকে সুষম উন্নয়ন করতে হলে অবশ্যই গ্রামীণ অর্থনীতি উন্নয়ন সর্বপ্রথম প্রয়োজন 
মাননীয় সভাপতি তিনি বলে গেলেন বঙ্গবন্ধু শেখ মুজিবর এর প্রকল্পের কথা তিনি বলে গেলেন প্রধানমন্ত্রী দেশিনেত্রী শেখ হাসিনার প্রকল্পের কথা তাহলে তিনি কি এটি জানেন না যে জননেত্রী শেখ হাসিনা ইতোমধ্যেই তার নির্বাচনী ইশ্তেহারে বলে গেছে আমার গ্রাম আমার শহর একটি প্রকল্প এবং প্রত্যেকটি গ্রাম হবে শহর সে প্রকল্পটির কথা তিনি কি জানেন না আমাদের মাননীয় শেখ হাসিনা ইতোমধ্যেই একটি বাড়ি একটি খামার প্রকল্প বাস্তবায়নের লক্ষ্যে যে  উদ্যোগগুলো গ্রহণ করেছে যদি একটি বাড়ি একটি খামার প্রকল্পটি বাস্তবায়ন হয় প্রত্যেকটি বাড়িতে যদি একটি করে খামার স্থাপন করা হয় তাহলে ওই গ্রামের অনেকগুলো জনতাই সেই খামারে কাজ করে কর্মসংস্থানের সুযোগ পাবে মাননীয় সভাপতি বিপক্ষ দলকে আমার অনুরোধ যেন ব্যাখ্যা করে যায় যে কীভাবে তিনি শিক্ষিত জনগোষ্ঠী ছাড়া অশিক্ষিত জনগোষ্ঠী গুলোকে কাজের সুযোগ করে দিবে 
মাননীয় সভাপতি তাদের কথাই মানছি তথ্য ও যোগাযোগ প্রযুক্তির উন্নয়নের মাধ্যমে আইটি সেক্টরের মাধ্যমে তিনি কাজের সুযোগ করে দিবেন বিভিন্ন ধরনের জনতাকে সকলের শিক্ষা ব্যবস্থা কিন্তু আমরা বলছি না তথ্য প্রযুক্তির মাধ্যমেই দিব কিন্তু কাদের দিব
অশিক্ষিতদের জন্যও ত আমাদের কিছু একটা করতে হবে তাদের থেকেও উদ্যোক্তা তৈরি করতে হবে আর এই উদ্যোক্তা তৈরির প্রশিক্ষণের ব্যবস্থাটি আমাদের দল উপস্থাপন করেছে তাদের দল নয় মাননীয় সভাপতি
আজকের পক্ষ দলের তৃতীয় বক্তা হিসেবে সার্বিক সমন্বয় তৈরি করছি 
মাননীয় সভাপতি নিয়ে যাচ্ছি সেই চট্টগ্রাম জেলার রাঙ্গুইন উপজেলায় যেটি ছিল একটি প্রত্যন্ত প্রত্যন্ত এলাকা একটি গ্রামীন এলাকা 
উন্নিশশো একাত্তর সাল থেকে নির্বাচনের পর থেকে দুহাজার আট পর্যন্ত যার কোনো উন্নয়নি হয়নি মাননীয় প্রধানমন্ত্রী শেখ হাসিনার নেতৃত্ব দুহাজার আট থেকে দুহাজার আঠারো সাল পর্যন্ত তার দ্বিগুণ উন্নয়ন সম্ভব হয়েছে
মাননীইয় সভাপতি"
1596747,1619947,SP7,প্রায় দেড় হাজার কোটি টাকা ব্যয়ে রাঙ্গুইন উপজেলাটিকে উন্নয়ন করে হাজারো জনতাকে নতুন কর্মসংস্থান সৃষ্টি করে দিয়েছে মাননীয় প্রধানমন্ত্রী শেখ হাসিনা তার উদ্যোগে গ্রামগুলো আধুনিকায়ন হচ্ছে যার ফলে আমরা কর্মসংস্থান দেখতে পারছি বিপক্ষ দলের প্রতি আমার অনুরোধ রইল তারা যেন শুধুমাত্র ক্ষেত্রগুলো দাড় না করিয়ে শুধু শিক্ষিত জনগণকে নিয়ে চিন্তা না করে বাংলাদেশের আর সকল জনতাকে নিয়ে চিন্তা করে তাদেরকে কর্মসংস্থানের সুযোগ করে দিয়ে তারা যেন দেখিয়ে যায়
1620397,1677897,SP7,"মাননীয় সভাপতি আমাদের দেশের বাংলাদেশ পল্লী উন্নয়ন বোর্ড একটি দারিদ্র্য বিমোচনে প্রধান প্রতিষ্ঠান যা ইতিমধ্যে লক্ষ লক্ষ কোটি টাকা ব্যয় করে গ্রামের বিভিন্ন শ্রেণি পেশার মানুষেকে আর উন্নত কর্মসংস্থান সৃষ্টির জন্য বিশেষ ভূমিকা পালন করে আসছে এছাড়া তারা বলে গেল বেসরকারী খাতগুলোর কথা বেসরকারী খাতগুলোর মধ্যে আমরা প্রধানত দেখতে পাই গ্রামীন ব্যাংক ব্রাক প্রশিখা এগুলোর ভূমিকা
এগুলো কি আদৌ আইটি সেক্টর নিয়ে কোন কাজ করেছে করলে তারা যেন তা দেখিয়ে যায় আমরা সকলে জানি বেসরকারি খাতগুলো প্রধাণত গ্রামের মানুষকে ক্ষুদ্র ঋণ দিয়ে এবং গ্রামের মানুষগুলোর জন্যই কাজ করছে অর্থাৎ আমরা যদি আমাদের শহরকে বাচাতে চাই ওয়ার্ল্ড পাব্লিসিটি রিপোর্ট অনুযায়ী ইতোমধ্যে বাংলাদেশ দ্বিতীয় বসবাসের অযোগ্য স্থান হিসেবে পরিণত হয়েছে মাননীয় সভাপতি তাই শহরকে বাচাতে হলে আমাদের সার্বিক উন্নয়নের কথা তিনি যে বলেছেন সেই সার্বিক জীবনযাত্রার উন্নয়ন করতে হলে অবশ্যই নিজের বসবাসের স্থানটিকে উন্নয়ন করতে হবে আর তারফলে আমাদেরকে আমাদের শহর উন্নয়ন করতে হলে গ্রামেই ফিরে যেতে হবে মাননীয় সভাপতি 
আশা করছি আজকের বিষয়টি আপনি লক্ষ্য করবেন আমাদের সরকারের সকল উদ্যোগ"
1678047,1713697,SP7,শহর থেকে সকল কেমিক্যাল ফ্যাক্টরি গুলো ঢাকার বাইরে প্রতিস্থাপন এর দ্বারা কি বোঝানো যাচ্ছেনা সরকারের উদ্যোগ এই পক্ষেই বলছে মাননীয় সভাপতি অর্থাৎ আমরা আজকে যা বলতে চাচ্ছি সেটি বাংলাদেশ সরকারের উদ্যোগের উপর ভিত্তি করে বাংলাদেশের প্রধানমন্ত্রী শেখ হাসিনার সকল পরিকল্পনার উপর ভিত্তি করে এটিই বলা যায় যে গ্রামীন অর্থনীতির উন্নয়নের মাধ্যমেই আমরা অধিক কর্মসংস্থান সৃষ্টি করতে পারব মাননীয় সভাপতি বিরোধী দলকে আজকে প্রমাণ করে যেতে হবে যে তারা এই সার্বিক উন্নয়ন বলতে আসলে কি বুঝিয়েছেন তারা এই সার্বিক উন্নয়ন বলতে কি আদৌ শুধু তথ্য প্রযুক্তির উন্নয়নকে বুঝিয়েছেন এবং শিক্ষিত মানুষকে নিয়ে কাজ করার বিষয়টি বুঝিয়েছেন অর্থাৎ গ্রামের আরও যেসব জনতারা আছেন তাদের বিষয়টি যেন তারা প্রমাণ করে যায় ধন্যবাদ মাননীয় সভাপতি ধন্যবাদ সবাইকে
2044465,2065065,SP7,"যে প্রশ্নটি ছুড়ে দিয়ে গিয়েছিলাম সেই প্রশ্নের প্রেক্ষিতে আবার বলছি আমাদের বিপক্ষ দল ত ঘুরিয়ে ফিরিয়ে সেই একটি কথাই বলছেন শিক্ষিত নাগরিক শিক্ষিত জনগণ তাহলে আমি যে প্রশ্নটি করে গিয়েছিলাম গ্রামের যে অশিক্ষিত ব্যক্তিরা আছে তাদেরকে কি করবে
উত্তরটি যদিও আমি দিয়ে গিয়েছিলাম যে তাদেরকে উদ্যোক্তা তৈরির মাধ্যমে প্রশিক্ষণ দিয়ে কর্মসংস্থান দিয়ে যাব"
2065397,2098747,SP7,"লক্ষ্য করুন মাননীয় সভাপতি আমার দলের দ্বিতীয় বক্তা বা এবং প্রথম বক্তা বলে গিয়েছিলেন কারিগরি শিক্ষা কুটির শিল্পের কথা 
আমাদের বিপক্ষ দল সেই একটি বিষয়েই আবার স্থাপন করলেন যে কারিগরি শিক্ষার মাধ্যমে ধন্যবাদ তাদেরকে আমাদের বিষয়টি বুঝিয়ে আমাদের পক্ষে বলার জন্য মাননীয় সভাপতি তিনি শুধু সংখ্যা দেখাচ্ছেন আইটি সেক্টর মেগা প্রজেক্ট কিন্তু মাননীয় সভাপতি আমি আপনার কাছে আপনার সামনে উপস্থাপন করছি যে এই যে আইটি প্রজেক্টগুলো করছেনতুন তারা যে প্রকল্প গুলো করছে এগুলো কি ঢাকা শহরের মধ্যে করছে নাকি গ্রামীণ এলাকা গুলোর মধ্যেই করছে
তাহলে কি সেটি গ্রামীন অর্থনীতির মধ্যেই পরে না মাননীয় সভাপতি
আবারও ধন্যবাদ জানাচ্ছি আমাদের পক্ষে বলার জন্য"
2099047,2148847,SP7,"মাননীয় সভাপতি আমাদের দেশের ঢাকা শহর টি ইতিমধ্যেই যেহেতু দ্বিতীয় বসবাসের অযোগ্য স্থানে পরিণত হয়েছে তাই মেগা প্রজেক্ট গুলো নিশ্চয়ই তারা ঢাকা শহরের করতে পারবেন না বা চাইলেও করা সম্ভব নয় ফিরে যেতে হবে গ্রামে আর গ্রামীন অর্থনীতি বলতে গ্রামের কৃষি মৎস্যকেও বারবার আমাদের দিকে ছুঁড়ে মারছে আমাদের প্রথম বক্তা ত একবার অনেকবার বলে গিয়েছেন  যে আমরা গ্রামের শিল্প গড়ে তুলতে পারি গ্রামে কৃষির জন্য যে শিকপগুলো দরকার সেগুলোও গড়তে পারি তাহলে তিনি কেনো বারবার কৃষি মৎস কে কেন্দ্র করে তাদের যুক্তি স্থাপন করছে মাননীয় সভাপতি গ্রামের আমরা যে প্রজেক্টগুলো করছি সেগুলোর ফলে গ্রামের সার্বিক উন্নয়ন সম্ভব হয়েছে আর সেটিই আজকের বিষয় গ্রামের সার্বিক উন্নয়ন সাধন গ্রামের অবকাঠামোগত উন্নয়নে সেটাই গ্রামের অর্থনৈতিক উন্নয়ন
গ্রামের মধ্যে যে সকল উন্নয়ন ঘঠিয়ে  বা গ্রামের অবকাঠামোগত উন্নয়ন ঘটিয়ে আমরা যেসব কর্মসংস্থান সৃষ্টি করছি সেটিই গ্রামের অর্থনীতিকে শক্তিশালী করে মাননীয় সভাপতি সেটি আশা করছি প্রতিপক্ষ দল এবার বুঝতে পেরেছেন "
2148947,2181647,SP7,"মাননীয় সভাপতি গ্রামীন অর্থনীতি শক্তিশালীকরণের মাধ্যমেই যে আমরা অধিক কর্মসংস্থান সৃষ্টি করতে পারি সেটি বারবার তাদেরকে উদাহরণ দিয়ে বুঝিয়ে গিয়েছি তবুও তারা বুঝতে পারছেনা এবং তারা বলছে আমরা ধোয়াশা সৃষ্টি করে গেছি ধোয়াশা ত তারা সৃষ্টি করে গেছে তারা শুধু দেশের শিক্ষিত জনগণ শিক্ষক শিক্ষার্থী এই বিষয়ে বলছে তাহলে বাংলাদেশে যারা উদ্যোক্তা তৈরি করবে সেই উদ্যোক্তা তারা কাদের দিয়ে করবে শিক্ষিত জনগোষ্ঠীকে আবার তারা উদ্যোক্তা তৈরির মাধ্যমে প্রশিক্ষণ দিবে এটি খুবই হাস্যকর মাননীয় সভাপতি
তাই আজকে বারবার এটিই বলে যাচ্ছি গ্রামীন অর্থনীতি শক্তিশালীকরণের মাধ্যমেই অধিক কর্মসংস্থান সৃষ্টি করা সম্ভব ধন্যবাদ মাননীয় সভাপতি ধন্যবাদ সবাইকে"
1721365,1743865,SP8,ধন্যবাদ মাননীয় সভাপতি বিপক্ষ দলের দলনেতা হিসেবে আমাকে বক্তব্য প্রদানের সুযোগ দেওয়ার জন্য মাননীয় সভাপতি আজকের বিতর্কের বিষয়ে নজর দেই আজকের বিতর্কের নির্ধারিত বিষয় হচ্ছে গ্রামীণ অর্থনীতির শক্তিশালীকরণের মাধ্যমেই অধিক কর্মসংস্থান সৃষ্টি করা সম্ভব মাননীয় সভাপতি ইতোমধ্যে আমার প্রতিপক্ষ দলের তিনজন বক্তা আমার দলে্র দুই জন বক্তা তাদের বক্তব্য উপস্থাপন করেছেন
1743998,1768332,SP8,আমি যদি  পাচ জন বক্তার বক্তব্য সমন্বয় করি তবে দেখতে চাই দেখতে পাই প্রত্যেক বক্তাই চান অধিক কর্মসংস্থান সমৃদ্ধ একটি স্বপ্নের সোনার বাংলাদেশ যেখানে বেকারত্বের অভিশাপ থাকবে না প্রতিটি মানুষ কর্ম সুযোগ পাবে এবং তারা নিজেরাই নিজেদের ভাগ্য উন্নয়নে সক্ষম হবে যার মাধ্যমে এগিয়ে যাবে আমাদের অর্থনীতি এগিয়ে যাবে সমৃদ্ধির অগ্রযাত্রায় আমাদের স্বপ্নের সোনার বাংলাদেশ মাননীয় সভাপতি লক্ষ্য করুন
1768432,1807232,SP8,কর্মসংস্থান সৃষ্টির এই বিশাল প্রক্রিয়ায় পক্ষ দল কেবল মাত্র একটি বিষয়কেই কেন্দ্র করে তাদের ছড়ি ঘোরানোর চেষ্টা করেছেন সেটি হল গ্রামীণ অর্থনীতি শক্তিশালীকরণ এমনকি তারা গ্রামীণ অর্থনীতি বহির্ভূত ভিন্ন ভিন্ন কিছু বিষয় গুলিয়ে ফেলেছেন যা তাদের কাছ থেকে কাঙ্ক্ষিত ছিলনা মাননীয় মডারেটর আমাদের কাছে স্পষ্ট নয় তারা কি কেবল শুধুমাত্র দেশের প্রতিটি মানুষকে অশিক্ষিত দেখতে চান এবং নাকি প্রতিটি গ্রাম কে তারা শহরে পরিণত করতে চান তাদের দেখিয়ে  যাওয়া উচিত ছিল যে গ্রামীণ অর্থনীতি শক্তিশালী করণের মাধ্যমে তারা কিভাবে কত দিনে কতটি কর্মসংস্থান সৃষ্টি করতে পারবে বা আদৌ পেরেছে কিনা বা তা আমাদের তুলনায় অধিক কিনা
1807331,1846931,SP8,কিন্তু এ সম্পর্কে তারা সুস্পষ্ট কোনো তত্ত্ব তথ্য উপাত্ত উপস্থাপন করে যেতে পারেননি ঠিক তার বিপরীতে আমার দলের ২ জন বক্তা আমাদের আজকের বিরোধিতার জায়গাটি সুস্পষ্টভাবে চিহ্নিত করে যথাযথ তথ্য উপাত্ত উপস্থাপন করে ইতোমধ্যেই প্রমাণ করেছে যে শুধুমাত্র গ্রামীণ অর্থনীতি শক্তিশালীকরণের মাধ্যমে কখনোই আমাদের দেশে অধিক কর্মসংস্থান সৃষ্টি করা সম্ভব নয় বরং আমাদের উপস্থাপিত সার্বিক অর্থনৈতিক ব্যবস্থাপনার শক্তিশালীকরণেই পারে আমাদের দেশে অধিক কর্মসংস্থান সৃষ্টি করতে এ পর্যায়ে আমার দলের প্রথম বক্তার শেষোক্ত ক্ষেত্রটি ব্যাখ্যা করছি যেটি হল দক্ষ ও যোগ্য জনবল প্রস্তুতকরণের জন্য
1846998,1884298,SP8,"শিক্ষা প্রকল্প কে শক্তিশালী করণ যার আওতায় রয়েছে গবেষণা নির্ভর শিক্ষার প্রসার কারিগরি শিক্ষার প্রসার এবং তার যথাযথ বাস্তবায়ন
মাননীয় সভাপতি একসময় উচ্চতর শিক্ষা গ্রহণ ও কর্মসংস্থানের উদ্দেশ্যে আমাদের দেশের মেধাবী শিক্ষার্থীরা বিদেশে পাড়ি জমাত কিন্তু এখন এই হতাশার চিত্রের পরিবর্তন এসেছে বর্তমানে আমাদের দেশের বিশ্ববিদ্যালয়গুলোতে গবেষণা নির্ভর শিক্ষা ব্যবস্থার প্রসার ঘটেছে এবং আশার কথা হল আমাদের দেশের শিক্ষার্থীরা এই বিশ্ববিদ্যালয় গুলো থেকেই স্নাতক অর্জনের পর পিএইচডি এমফিল এমনকি মেডিকেল কলেজ থেকে এফসিপিএস ডিগ্রী অর্জন করার সুযোগ পাচ্ছে"
1884365,1931331,SP8,"তথ্যসূত্র বিশ্ববিদ্যালয় মঞ্জুরি কমিশন আর এভাবে আমাদের দেশে এই মেধাবী শিক্ষার্থীদের কর্মসংস্থানের সুযোগ হচ্ছে আরে গতিকে ত্বরান্বিত করতে বর্তমান সরকারের ভিশন দুহাজার একুশ ও দুহাজার একচল্লিশ এর আওতায় কিছু মেগা প্রজেক্ট গৃহীত হয়েছে যার মধ্যে অন্যতম হলো ঢাকা এলিভেটেড এক্সপ্রেসওয়ে মেট্রোরেল রামপুর বিদ্যুৎ কেন্দ্র রূপপুর পারমাণবিক বিদ্যুৎ কেন্দ্র ধুমধুম রেল প্রকল্প মাতারবাড়ি বিদ্যুৎকেন্দ্র পায়রা গভীর সমুদ্র বন্দর এলএনজি টার্মিনাল সোনাদিয়া গভীর সমুদ্রবন্দর প্রভৃতি যেখানে এই প্রকল্প গুলোর কাজ সম্পন্ন হলে কর্মসংস্থান হবে আমাদের দেশের প্রায় এক লক্ষ চল্লিশ হাজার উচ্চ শিক্ষিত মানুষের তথ্যচিত্র জনশক্তি কর্মসংস্থান ও প্রশিক্ষণ ব্যুরো 
মাননীয় সভাপতি শুধুমাত্র গ্রামীণ অর্থনীতিকে শক্তিশালী করণের মাধ্যমেই"
1931398,1980898,SP8,অধিক কর্মসংস্থান সৃষ্টি করা সম্ভব নয় বলেই বর্তমান সরকার গবেষণা নির্ভর শিক্ষা ব্যবস্থার প্রসার ঘটিয়েছেন এবং এই মেগা প্রজেক্ট গুলো হাতে নিয়েছেন তাই প্রতিপক্ষের যুক্তির আর কোন প্রকার দৃঢ়তা থাকেন মাননীয় সভাপতি এবার মুদ্রার অপর পৃষ্ঠে নজর দিচ্ছি বাংলাদেশ অধিক কর্মসংস্থান সৃষ্টি করতে হলে আমাদের বিশাল যুবসমাজকে উন্নয়ন ও প্রবৃদ্ধির মূল চালিকাশক্তি হিসেবে অবতীর্ণ করতে হবে আর এই লক্ষ্যে চৌষট্টি জেলায় মোট তিপ্পান্ন টি যুব প্রশিক্ষণ কেন্দ্র প্রতিষ্ঠিত হয়েছে যার কার্যক্রম উপজেলা গ্রাম এবং ইউনিয়ন পর্যায় পর্যন্ত বিস্তৃত মাননীয় সভাপতি লক্ষ্য করবেন এখনো পর্যন্ত আমাদের দেশের সরকারি ও বেসরকারিভাবে চারশো পয়ত্রিশ টি পলিটেকনিক ইনস্টিটিউট প্রতিষ্ঠিত হয়েছে এবং দুহাজার বিশ সালের মধ্যে আমাদের দেশের মোট শিক্ষার্থীর বিশ শতাংশকে
1981031,2026831,SP8,"কারিগরি ও বৃত্তিমূলক শিক্ষার উপনীত করার লক্ষ্যমাত্রা অর্জন করা হয়েছে সেই লক্ষ্যকে সামনে রেখে যুব উন্নয়ন অধিদপ্তর দেশব্যাপী কর্মপ্রত্যাশী যুবক ও যুব নারীদের এসডিজি এর লক্ষ্যমাত্রা আট দশমিক ছয় অনুযায়ী কম্পিউটার বেসিক এন্ড আইটিসি অ্যাপ্লিকেশন গ্রাফিক্স ডিজাইনিং ইলেকট্রনিক প্রশিক্ষণ ফ্রিল্যান্সিং সহ বিভিন্ন কর্মমুখী প্রশিক্ষণ পরিচালনা করছে যেখানে এখনও পর্যন্ত মোট পঞ্চান্ন লক্ষ সাতাশি হাজার নয়শ ছেষট্টি জন কর্ম প্রশিক্ষণ গ্রহণ করেছেন এবং আত্মকর্মী হয়েছে মোট একুশ লক্ষ উনপঞ্চাশ হাজার আটশো আঠারো জন তথ্যচিত্র যুব উন্নয়ন অধিদপ্তরের অফিশিয়াল ওয়েবসাইট 
মাননীয় সভাপতি লক্ষ্য করুন এই তথ্যচিত্র প্রমাণ করে যে শিক্ষা প্রকল্পকে যদি ঢেলে সাজানো হয় তবে 
আমাদের দেশে অধিক কর্মসংস্থান সৃষ্টি করা সম্ভব ধন্যবাদ মাননীয় সভাপতি ধন্যবাদ সকলকে"
2188297,2237347,SP8,ধন্যবাদ মাননীয় সভাপতি যুক্তি খন্ডন পর্বে আমাকে পুনরায় সুযোগ দেয়ার জন্য মাননীয় সভাপতি আজকে বিতর্কের মঞ্চে আমরা কিছুটা হতাশ হয়েছি আমাদের প্রতিপক্ষ দলের বন্ধুরা তাদের ভিত্তি থেকে সরে গিয়ে গ্রামীণ অর্থনীতি বহির্ভূত বিষয় নিয়ে আজকে বিতর্কের মঞ্চে ধোঁয়াশা সৃষ্টি করছে মাননীয় সভাপতি শুরুতেই বলছি যে গ্রামীণ অর্থনীতির ভিত্তি হচ্ছে কৃষি মৎস্য এবং পশুজাত বা খামারজাত যে দিকগুলো আছে সেই দিকগুলি সুতরাং  আজকে আমাদের প্রতিপক্ষ দলের বন্ধুরা ঠিক তাদের ভিত্তির জায়গা থেকে সরে গিয়ে আমাদেরই গান গাইছে মাননীয় সভাপতি লক্ষ্য করুন প্রথম বক্তা বলে গেছেন যে ঋণ সহায়তার মাধ্যমে গ্রামীণ উন্নয়নের কথা মাননীয় সভাপতি লক্ষ্য করুন একজন মানুষ যখন আমাদের দেশে বিনামূল্যে আউটসোর্সিং এর প্রশিক্ষণ পাচ্ছে এবং
2237697,2285197,SP8,"কোনরকম সীমাবদ্ধতা ছাড়াই তার কর্মসংস্থান সৃষ্টি করতে পা্ছে তাহলে কেন ঋণ প্রকল্প গ্রহণ করে একজন মানুষ কৃষি কাজের দিকে ধাবিত হবে মাননীয় সভাপতি লক্ষ্য করুন 
এখনো পর্যন্ত আমাদের দেশে প্রায় পাচ দশমিক পাচ লাখ বাংলাদেশী মানুষ আউটসোর্সিংয়ে জড়িত আছে এবং তারা প্রতিনিয়ত দশ মিলিয়ন মার্কিন ডলার আয় করছে অথচ মাননীয় সভাপতি যদি  একজন মানুষ গ্রামীণ অর্থনীতি নির্ভর প্রশিক্ষণ গ্রহণ করে তবে কর্মসংস্থানের দিক থেকে তার মূলধন জমি ভালো বীজ বা এই সামগ্রিক দিক গুলো যদি একত্রিত করতে যান তখন সার্বিক সীমাবদ্ধতার কারণেই কিন্তু একজন মানুষের কর্মসংস্থান রুখে দাঁড়াচ্ছে
মাননীয় সভাপতি তারা বলছেন যে গ্রামীণ অর্থনীতি বান্ধব প্রশিক্ষণের কথা মালয়েশিয়ার প্রাক্তন প্রেসিডেন্ট মাহাথির মোহাম্মদের "
2285397,2323497,SP8,"একটি বিবৃতি মতে যদি পাঁচ বিঘা জমি নিয়ে আমি খামার কাজ বা কৃষি কাজ শুরু করি তবে সেক্ষেত্রে কর্মসংস্থান হবে দশ থেকে বিশ জন কি সর্বোচ্চ বিশ থেকে পঞ্চাশ জনের অথচ সেই একই জায়গায় যদি আমরা আমাদের সার্বিক অর্থনৈতিক ব্যবস্থাপনার একটি প্রতিফলিত রূপ দেখতে চাই যদি বিজ্ঞানসম্মত পরিবেশবান্ধব শিল্প কারখানা নির্মাণ করি তবে সেই জায়গায় কর্মসংস্থান হবে বিশ থেকে পচিশ হাজার মানুষের 
মাননীয় সভাপতি আজকে আমাদের বিতর্কের জায়গা ঠিক এখানেই যে আমরা কি করে অধিক করমসংস্থান সৃষ্টি করবো তাই প্রতিপক্ষের যুক্তির সকল অসারতা প্রমাণ করছে ধন্যবাদ মাননীয় সভাপতি ধন্যবাদ সকলকে "
